{"cameraMode":{"drawMode":0,"name":"Shaded","section":"Shading Mode"},"sceneLighting":true,"audioPlay":false,"sceneViewState":{"m_AlwaysRefresh":false,"showFog":true,"showSkybox":true,"showFlares":true,"showImageEffects":true,"showParticleSystems":true,"showVisualEffectGraphs":true,"m_FxEnabled":true},"in2DMode":false,"pivot":{"x":-6.029729843139648,"y":-0.7555786371231079,"z":17.836769104003908},"rotation":{"x":-0.06023319810628891,"y":0.0341307669878006,"z":-0.0023328326642513277,"w":-0.9976893067359924},"size":10.344620704650879,"orthographic":false}